insert into funcionario values (1234567890, TO_DATE('01/01/2019', 'dd/mm/yyyy'), 'G', 'M', 4000.00, NULL );
insert into funcionario values (2345678901, TO_DATE('11/03/2018', 'dd/mm/yyyy'), 'C', 'T', 2000.00, 1234567890 );
insert into funcionario values (3456789012, TO_DATE('12/04/2017', 'dd/mm/yyyy'), 'G', 'M', 1000.00, NULL );
insert into funcionario values (4567890123, TO_DATE('05/02/2015', 'dd/mm/yyyy'), 'C', 'T', 3000.00, 1234567890 );
insert into funcionario values (5678901234, TO_DATE('06/06/2016', 'dd/mm/yyyy'), 'C', 'N', 2000.00, 7890123456 );
insert into funcionario values (6789012345, TO_DATE('08/05/2019', 'dd/mm/yyyy'), 'C', 'M', 2000.00, 1234567890 );
insert into funcionario values (7890123456, TO_DATE('21/07/2014', 'dd/mm/yyyy'), 'G', 'N', 4000.00, NULL );
insert into funcionario values (8901234567, TO_DATE('17/08/2012', 'dd/mm/yyyy'), 'C', 'T', 2000.00, 3456789012 );
insert into funcionario values (9012345678, TO_DATE('19/09/2017', 'dd/mm/yyyy'), 'G', 'M', 3000.00, NULL );
insert into funcionario values (1012345678, TO_DATE('25/10/2018', 'dd/mm/yyyy'), 'C', 'N', 2000.00, 1234567890 );
insert into funcionario values (1123456789, TO_DATE('27/11/2019', 'dd/mm/yyyy'), 'C', 'N', 4000.00, 7890123456 );
insert into funcionario values (1234567891, TO_DATE('28/01/2015', 'dd/mm/yyyy'), 'C', 'M', 3000.00, 1234567890 );
insert into funcionario values (1345678901, TO_DATE('30/03/2013', 'dd/mm/yyyy'), 'G', 'T', 3000.00, NULL );
insert into funcionario values (1456789012, TO_DATE('08/07/2011', 'dd/mm/yyyy'), 'C', 'M', 2000.00, 3456789012 );
insert into funcionario values (1567890123, TO_DATE('02/08/2019', 'dd/mm/yyyy'), 'C', 'M', 2000.00, 3456789012 );
insert into funcionario values (1678901234, TO_DATE('04/05/2018', 'dd/mm/yyyy'), 'C', 'N', 3000.00, 3456789012 );
insert into funcionario values (1789012345, TO_DATE('13/04/2014', 'dd/mm/yyyy'), 'C', 'T', 4000.00, 7890123456 );
insert into funcionario values (1890123456, TO_DATE('25/08/2017', 'dd/mm/yyyy'), 'G', 'M', 2000.00, NULL );
insert into funcionario values (1901234567, TO_DATE('06/09/2015', 'dd/mm/yyyy'), 'C', 'T', 2000.00, 3012345678 );
insert into funcionario values (2012345678, TO_DATE('16/12/2014', 'dd/mm/yyyy'), 'C', 'M', 2000.00, 7890123456 );
insert into funcionario values (2123456789, TO_DATE('09/01/2016', 'dd/mm/yyyy'), 'C', 'M', 3000.00, 7890123456 );
insert into funcionario values (2234567890, TO_DATE('11/04/2018', 'dd/mm/yyyy'), 'C', 'T', 3000.00, 3012345678 );
insert into funcionario values (2345678902, TO_DATE('01/03/2017', 'dd/mm/yyyy'), 'C', 'N', 2000.00, 7890123456 );
insert into funcionario values (2456789012, TO_DATE('03/01/2010', 'dd/mm/yyyy'), 'C', 'M', 2000.00, 7890123456 );
insert into funcionario values (2567890123, TO_DATE('04/04/2019', 'dd/mm/yyyy'), 'C', 'T', 2000.00, 2678901234 );
insert into funcionario values (2678901234, TO_DATE('08/02/2012', 'dd/mm/yyyy'), 'G', 'M', 4000.00, NULL );
insert into funcionario values (2789012345, TO_DATE('28/02/2014', 'dd/mm/yyyy'), 'C', 'T', 2000.00, 3012345678 );
insert into funcionario values (2890123456, TO_DATE('19/07/2016', 'dd/mm/yyyy'), 'C', 'M', 3000.00, 1345678901 );
insert into funcionario values (2901234567, TO_DATE('31/08/2017', 'dd/mm/yyyy'), 'C', 'T', 3000.00, 1345678901 );
insert into funcionario values (3012345678, TO_DATE('10/10/2019', 'dd/mm/yyyy'), 'G', 'N', 4000.00, NULL );

insert into camareira values( 1789012345, 4 );
insert into camareira values( 1901234567, 5 );
insert into camareira values( 2012345678, 2 );
insert into camareira values( 2123456789, 6 );
insert into camareira values( 2234567890, 10 );
insert into camareira values( 2345678902, 5 );
insert into camareira values( 2456789012, 6 );
insert into camareira values( 2567890123, 7 );
insert into camareira values( 2789012345, 4 );
insert into camareira values( 2890123456, 6 );
insert into camareira values( 2901234567, 5 );

insert into cozinheiro values ( 2345678901, 'confeitaria' );
insert into cozinheiro values ( 4567890123, 'salgados' );
insert into cozinheiro values ( 5678901234, 'saladas' );
insert into cozinheiro values ( 6789012345, 'salgados' );
insert into cozinheiro values ( 8901234567, 'confeitaria' );
insert into cozinheiro values ( 1012345678, 'saladas' );
insert into cozinheiro values ( 1123456789, 'salgados' );
insert into cozinheiro values ( 1234567891, 'confeitaria' );
insert into cozinheiro values ( 1456789012, 'saladas' );
insert into cozinheiro values ( 1567890123, 'salgados' );
insert into cozinheiro values ( 1678901234, 'confeitaria' );